"","gene","Molecular.Weight","AFO01_cnt","AFO02_cnt","AFO03_cnt","AFO04_cnt","AFO05_cnt","AFO06_cnt","AFO07_cnt","AFO08_cnt","AFO09_cnt","AFO10_cnt","AFO11_cnt","AFO12_cnt","AFO13_cnt","AFO01_prb","AFO02_prb","AFO03_prb","AFO04_prb","AFO05_prb","AFO06_prb","AFO07_prb","AFO08_prb","AFO09_prb","AFO10_prb","AFO11_prb","AFO12_prb","AFO13_prb","ORF","SGD","DESCRIPTION"
"1","ACS2","75 kDa",0,0,0,3,0,0,0,0,0,0,0,0,0,0,0,48,100,12,0,0,56,42,0,0,28,21,"YLR153C","S000004143","Acetyl-coA synthetase isoform; along with Acs1p, acetyl-coA synthetase isoform is the nuclear source of acetyl-coA for histone acetylation; mutants affect global transcription; required for growth on glucose; expressed under anaerobic conditions"
"2","ACT1","42 kDa",0,0,0,0,3,0,0,0,0,0,1,0,0,98,35,39,0,100,72,84,73,24,0,100,82,76,"YFL039C","S000001855","Actin; structural protein involved in cell polarization, endocytosis, and other cytoskeletal functions"
"3","ADE12","48 kDa",0,0,0,0,11,1,0,0,0,0,5,0,0,0,0,0,0,100,100,0,32,0,0,100,0,0,"YNL220W","S000005164","Adenylosuccinate synthase; catalyzes the first step in synthesis of adenosine monophosphate from inosine 5'monophosphate during purine nucleotide biosynthesis; exhibits binding to single-stranded autonomously replicating (ARS) core sequence"
"4","ADE5,7","86 kDa",0,0,0,6,0,0,0,0,0,0,0,0,0,0,37,57,100,0,81,68,0,98,30,16,23,18,"YGL234W","S000003203","Enzyme of the 'de novo' purine nucleotide biosynthetic pathway; contains aminoimidazole ribotide synthetase and glycinamide ribotide synthetase activities"
"5","ADH1","37 kDa",0,0,0,0,0,8,0,0,0,0,5,2,0,45,0,0,8,72,100,62,0,0,81,100,100,29,"YOL086C","S000005446","Alcohol dehydrogenase; fermentative isozyme active as homo- or heterotetramers; required for the reduction of acetaldehyde to ethanol, the last step in the glycolytic pathway; ADH1 has a paralog, ADH5, that arose from the whole genome duplication"
"6","ALA1","110 kDa",0,0,0,0,0,0,0,0,0,0,0,0,2,82,64,34,76,24,85,0,21,40,77,19,44,100,"YOR335C","S000005862","Cytoplasmic and mitochondrial alanyl-tRNA synthetase; required for protein synthesis; point mutation (cdc64-1 allele) causes cell cycle arrest at G1; lethality of null mutation is functionally complemented by human homolog AARS; mutations in human homolog AARS are associated with autoimmune disease polymyositis/dermatomyositis"
"7","ALG9","64 kDa",0,0,0,0,3,0,0,0,0,0,2,0,0,53,0,62,0,100,64,0,0,0,0,100,0,0,"YNL219C","S000005163","Mannosyltransferase, involved in N-linked glycosylation; catalyzes the transfer of both the seventh mannose residue on B-arm and ninth mannose residue on the C-arm from Dol-P-Man to lipid-linked oligosaccharides; human homolog ALG9 can complement yeast null mutant; mutation of human homolog causes type 1 congenital disorders of glycosylation"
"8","ALR1","96 kDa",0,0,0,0,0,0,0,0,0,1,0,0,4,0,73,78,82,0,71,96,0,58,96,87,94,100,"YOL130W","S000005490","Plasma membrane Mg(2+) transporter; expression and turnover are regulated by Mg(2+) concentration; overexpression confers increased tolerance to Al(3+) and Ga(3+) ions; magnesium transport defect of the null mutant is functionally complemented by either of the human genes MAGT1 and TUSC3 that are not orthologous to ALR1"
"9","APL6","92 kDa",0,0,0,6,0,0,0,0,0,0,0,0,1,74,54,98,100,0,16,0,50,0,0,0,69,100,"YGR261C","S000003493","Beta3-like subunit of the yeast AP-3 complex; functions in transport of alkaline phosphatase to the vacuole via the alternate pathway; exists in both cytosolic and peripherally associated membrane-bound pools"
"10","APM3","55 kDa",0,0,0,0,3,0,0,0,0,0,1,0,0,0,0,61,0,100,0,61,0,69,0,100,32,0,"YBR288C","S000000492","Mu3-like subunit of the clathrin associated protein complex (AP-3); functions in transport of alkaline phosphatase to the vacuole via the alternate pathway"
"11","ARO1","175 kDa",0,2,0,0,0,0,0,0,0,0,1,0,0,16,100,78,73,69,52,99,78,38,11,93,67,88,"YDR127W","S000002534","Pentafunctional arom protein; catalyzes steps 2 through 6 in the biosynthesis of chorismate, which is a precursor to aromatic amino acids"
"12","ARO2","41 kDa",0,0,0,0,0,3,0,0,0,0,0,0,0,0,77,42,66,68,100,93,0,72,32,80,0,37,"YGL148W","S000003116","Bifunctional chorismate synthase and flavin reductase; catalyzes the conversion of 5-enolpyruvylshikimate 3-phosphate (EPSP) to form chorismate, which is a precursor to aromatic amino acids; protein abundance increases in response to DNA replication stress"
"13","ARP3","50 kDa",0,0,0,0,2,0,0,0,0,0,0,0,0,0,23,0,30,100,0,0,0,54,49,0,28,0,"YJR065C","S000003826","Essential component of the Arp2/3 complex; Arp2/3 is a highly conserved actin nucleation center required for the motility and integrity of actin patches; involved in endocytosis and membrane growth and polarity"
"14","ASP1","41 kDa",0,0,0,0,4,1,0,0,0,0,1,0,0,0,0,0,35,100,99,49,72,0,41,99,71,21,"YDR321W","S000002729","Cytosolic L-asparaginase, involved in asparagine catabolism; catalyzes hydrolysis of L-asparagine to aspartic acid and ammonia; important enzyme for the treatment of acute lymphoblastic leukemia; has low glutaminase activity and dependence; synthesized constitutively"
"15","ATP1","59 kDa",0,0,0,0,3,0,0,0,0,0,1,0,0,24,0,34,63,100,0,0,0,69,0,84,21,0,"YBL099W","S000000195","Alpha subunit of the F1 sector of mitochondrial F1F0 ATP synthase; which is a large, evolutionarily conserved enzyme complex required for ATP synthesis; F1 translationally regulates ATP6 and ATP8 expression to achieve a balanced output of ATP synthase genes encoded in nucleus and mitochondria; phosphorylated; N-terminally propionylated in vivo"
"16","ATP2","55 kDa",2,0,0,0,5,0,0,0,0,0,0,0,0,100,0,50,54,100,0,0,0,92,62,39,0,58,"YJR121W","S000003882","Beta subunit of the F1 sector of mitochondrial F1F0 ATP synthase; which is a large, evolutionarily conserved enzyme complex required for ATP synthesis; F1 translationally regulates ATP6 and ATP8 expression to achieve a balanced output of ATP synthase genes encoded in nucleus and mitochondria; phosphorylated"
"17","ATP3","34 kDa",0,0,0,0,0,3,0,0,0,0,0,0,0,17,21,37,0,0,100,0,0,59,60,52,0,0,"YBR039W","S000000243","Gamma subunit of the F1 sector of mitochondrial F1F0 ATP synthase; F1F0 ATP synthase is a large, evolutionarily conserved enzyme complex required for ATP synthesis"
"18","BBC1","128 kDa",0,7,0,0,0,0,0,5,2,0,0,0,0,0,100,93,10,7,0,72,100,100,61,69,27,80,"YJL020C","S000003557","Protein possibly involved in assembly of actin patches; interacts with an actin assembly factor Las17p and with the SH3 domains of Type I myosins Myo3p and Myo5p; localized predominantly to cortical actin patches"
"19","BMH2","31 kDa",1,0,0,0,0,6,0,0,0,0,0,0,0,95,50,0,0,0,100,0,0,0,0,0,0,0,"YDR099W","S000002506","14-3-3 protein, minor isoform; controls proteome at post-transcriptional level, binds proteins and DNA, involved in regulation of many processes including exocytosis, vesicle transport, Ras/MAPK signaling, and rapamycin-sensitive signaling; protein increases in abundance and relative distribution to the nucleus increases upon DNA replication stress; abundance relative to Bmh1p increases during sporulation"
"20","CCC1","34 kDa",0,0,0,0,0,2,0,0,0,0,0,0,0,0,0,58,0,0,100,51,0,0,64,0,0,0,"YLR220W","S000004210","Vacuolar Fe2+/Mn2+ transporter; suppresses respiratory deficit of yfh1 mutants, which lack the ortholog of mammalian frataxin, by preventing mitochondrial iron accumulation; relative distribution to the vacuole decreases upon DNA replication stress"
"21","CCT2","57 kDa",0,0,0,0,3,0,0,0,0,0,0,0,0,36,66,0,50,100,69,92,57,36,90,22,79,31,"YIL142W","S000001404","Subunit beta of the cytosolic chaperonin Cct ring complex; related to Tcp1p, required for the assembly of actin and tubulins in vivo"
"22","CCT3","59 kDa",0,0,0,0,5,0,0,0,0,1,0,0,0,78,57,81,80,100,71,36,0,0,99,29,0,18,"YJL014W","S000003551","Subunit of the cytosolic chaperonin Cct ring complex; related to Tcp1p, required for the assembly of actin and tubulins in vivo; capable of binding Q/N rich proteins and mediating their folding"
"23","CCT5","62 kDa",0,0,0,3,4,0,0,0,0,0,0,0,0,17,55,71,100,100,78,81,44,69,0,70,0,45,"YJR064W","S000003825","Subunit of the cytosolic chaperonin Cct ring complex; related to Tcp1p, required for the assembly of actin and tubulins in vivo"
"24","CCT6","60 kDa",0,0,0,3,0,0,0,0,0,0,0,0,0,0,0,48,100,0,42,83,71,0,0,0,92,0,"YDR188W","S000002596","Subunit of the cytosolic chaperonin Cct ring complex; related to Tcp1p, essential protein that is required for the assembly of actin and tubulins in vivo; contains an ATP-binding motif"
"25","CCT7","60 kDa",0,0,0,0,10,0,0,0,0,1,0,0,0,0,40,58,0,100,72,0,17,43,99,80,0,0,"YJL111W","S000003647","Subunit of the cytosolic chaperonin Cct ring complex; related to Tcp1p, required for the assembly of actin and tubulins in vivo; mutant has increased aneuploidy tolerance"
"26","CCT8","62 kDa",0,0,0,6,2,0,0,0,0,1,0,0,0,59,38,58,100,100,0,0,74,0,96,0,64,0,"YJL008C","S000003545","Subunit of the cytosolic chaperonin Cct ring complex; related to Tcp1p, required for the assembly of actin and tubulins in vivo"
"27","CDC19","55 kDa",0,0,0,9,25,2,0,0,0,15,0,0,1,0,92,75,100,100,100,65,88,63,100,99,35,98,"YAL038W","S000000036","Pyruvate kinase; functions as a homotetramer in glycolysis to convert phosphoenolpyruvate to pyruvate, the input for aerobic (TCA cycle) or anaerobic (glucose fermentation) respiration; regulated via allosteric activation by fructose bisphosphate; CDC19 has a paralog, PYK2, that arose from the whole genome duplication"
"28","CDC39","240 kDa",0,3,0,0,0,0,0,0,0,0,0,0,0,40,100,66,92,37,92,93,0,30,79,94,46,83,"YCR093W","S000000689","Subunit of the CCR4-NOT1 core complex; this complex has multiple roles in the regulation of mRNA levels including regulation of transcription and destabilization of mRNA by deadenylation; basal transcription factor that increases initiation and elongation; activates the ATPase activity of Dhh1p, resulting in processing body disassembly"
"29","CDC48","92 kDa",0,0,0,0,0,0,0,0,0,0,0,0,11,72,83,76,9,84,33,0,23,35,0,58,79,100,"YDL126C","S000002284","AAA ATPase; subunit of polyUb-selective segregase complex involved in ERAD, INM-associated degradation (INMAD), mitotic spindle disassembly, macroautophagy, PMN, ribosome-associated degradation, ribophagy, homotypic ER membrane fusion, SCF complex disassembly, cell wall integrity during heat stress, and telomerase regulation; mobilizes membrane-anchored transcription factors by regulated Ub/proteasome-dependent processing (RUP); human ortholog VCP complements a cdc48 mutant"
"30","CDC60","124 kDa",0,0,2,0,0,0,0,0,0,0,0,0,0,85,71,100,47,41,0,56,74,42,0,89,88,72,"YPL160W","S000006081","Cytosolic leucyl tRNA synthetase; ligates leucine to the appropriate tRNA; human homolog LARS can complement yeast temperature-sensitive mutant at restrictive temperature"
"31","CHC1","187 kDa",0,12,0,0,0,0,0,0,0,0,0,0,0,93,100,84,0,12,73,59,40,0,35,31,61,31,"YGL206C","S000003174","Clathrin heavy chain; subunit of the major coat protein involved in intracellular protein transport and endocytosis; the clathrin triskelion is a trimeric molecule composed of three heavy chains that radiate from a vertex and three light chains which bind noncovalently near the vertex of the triskelion; the light chain (CLC1) is thought to regulate function"
"32","CHO2","101 kDa",0,0,0,5,0,0,0,0,0,1,0,0,0,38,0,71,100,58,88,93,90,60,95,0,19,18,"YGR157W","S000003389","Phosphatidylethanolamine methyltransferase (PEMT); catalyzes the first step in the conversion of phosphatidylethanolamine to phosphatidylcholine during the methylation pathway of phosphatidylcholine biosynthesis"
"33","COX15","55 kDa",0,1,0,0,0,3,0,1,1,0,0,2,0,47,88,0,0,31,100,0,93,98,63,31,99,7,"YER141W","S000000943","Protein required for the hydroxylation of heme O to form heme A; heme A is an essential prosthetic group for cytochrome c oxidase"
"34","CPA2","124 kDa",0,0,2,0,0,0,0,0,0,0,0,0,0,54,66,100,0,0,48,60,0,0,85,63,57,70,"YJR109C","S000003870","Large subunit of carbamoyl phosphate synthetase; carbamoyl phosphate synthetase catalyzes a step in the synthesis of citrulline, an arginine precursor"
"35","CRM1","124 kDa",0,0,0,0,0,0,0,0,0,0,0,0,6,45,72,0,0,62,24,27,0,70,0,0,39,100,"YGR218W","S000003450","Major karyopherin; involved in export of proteins, RNAs, and ribosomal subunits from the nucleus; exportin"
"36","CSE1","109 kDa",0,0,0,0,0,0,0,0,0,0,0,0,2,0,0,71,59,0,0,0,0,58,0,0,25,100,"YGL238W","S000003207","Nuclear envelope protein that acts as a recycling factor; mediates the nuclear export of Srp1p (importin alpha) back to the cytoplasm after its import substrates have been released into the nucleoplasm, thereby allowing the participation of Srp1p in multiple rounds of nuclear import; required for accurate chromosome segregation; homolog of metazoan CAS and human CSE1L, overexpression of which is implicated in cancer progression"
"37","DBP6","70 kDa",0,0,0,3,0,0,0,0,0,0,0,0,0,61,0,0,100,37,0,0,39,0,90,63,0,63,"YNR038W","S000005321","Essential protein involved in ribosome biogenesis; putative ATP-dependent RNA helicase of the DEAD-box protein family; human homolog DDX51 complements yeast dbp6 mutant"
"38","DED81","62 kDa",0,0,0,7,2,0,0,0,0,2,0,0,0,38,12,0,100,100,0,0,60,20,100,92,86,25,"YHR019C","S000001061","Cytosolic asparaginyl-tRNA synthetase; required for protein synthesis, catalyzes the specific attachment of asparagine to its cognate tRNA"
"39","DHH1","58 kDa",0,0,0,6,2,0,0,0,0,1,0,0,0,0,41,0,100,100,0,0,45,0,100,68,0,18,"YDL160C","S000002319","Cytoplasmic DEAD-box helicase, stimulates mRNA decapping; coordinates distinct steps in mRNA function and decay, interacting with both decapping and deadenylase complexes; role in translational repression, mRNA decay, and possibly mRNA export; interacts and cooperates with Ngr1p to promote specific mRNA decay; ATP- and RNA-bound form promotes processing body (PB) assembly, while ATPase stimulation by Not1p promotes PB disassembly; forms cytoplasmic foci on replication stress"
"40","DOP1","195 kDa",0,2,0,0,0,0,0,0,0,0,0,0,0,19,100,88,71,33,31,0,76,33,59,89,42,82,"YDR141C","S000002548","Golgi-localized, leucine-zipper domain containing protein; involved in endosome to Golgi transport, organization of the ER, establishing cell polarity, and morphogenesis; detected in highly purified mitochondria in high-throughput studies"
"41","ECM33","44 kDa",0,1,0,0,0,0,0,2,0,0,0,0,0,68,97,0,0,0,41,70,100,0,0,86,0,0,"YBR078W","S000000282","GPI-anchored protein of unknown function; possible role in apical bud growth; GPI-anchoring on the plasma membrane crucial to function; phosphorylated in mitochondria; similar to Sps2p; ECM33 has a paralog, PST1, that arose from the whole genome duplication"
"42","EFT1","93 kDa",0,0,0,10,0,0,0,0,0,0,0,0,13,37,70,79,100,54,0,83,92,94,21,98,0,100,"YOR133W","S000005659","Elongation factor 2 (EF-2), also encoded by EFT2; catalyzes ribosomal translocation during protein synthesis; contains diphthamide, the unique posttranslationally modified histidine residue specifically ADP-ribosylated by diphtheria toxin; EFT1 has a paralog, EFT2, that arose from the whole genome duplication"
"43","ELO3","39 kDa",0,0,0,0,0,2,0,0,0,0,0,1,0,0,0,0,0,12,100,0,0,0,0,0,99,49,"YLR372W","S000004364","Elongase; involved in fatty acid and sphingolipid biosynthesis; synthesizes very long chain 20-26-carbon fatty acids from C18-CoA primers; involved in regulation of sphingolipid biosynthesis; lethality of the elo2 elo3 double null mutation is functionally complemented by human ELOVL1 and weakly complemented by human ELOVL3 or ELOV7"
"44","EMP47","50 kDa",0,0,0,0,4,0,0,0,0,0,3,0,0,0,30,0,74,100,0,34,0,0,22,100,73,34,"YFL048C","S000001846","Integral membrane component of ER-derived COPII-coated vesicles; functionS in ER to Golgi transport; EMP47 has a paralog, EMP46, that arose from the whole genome duplication"
"45","EMW1","102 kDa",0,0,0,0,0,0,0,0,0,0,0,0,10,18,57,86,21,0,84,0,84,62,0,92,65,100,"YNL313C","S000005257","Essential conserved protein with a role in cell wall integrity; contains six TPR (tetratricopeptide repeat) domains clustered in the C-terminal region; conditional mutant is suppressed by overexpression of GFA1; protein abundance increases in response to DNA replication stress"
"46","ENA5","120 kDa",0,0,3,0,0,0,0,0,0,0,0,0,4,75,85,100,0,20,22,90,91,27,0,79,76,100,"YDR038C","S000002445","Protein with similarity to P-type ATPase sodium pumps; member of the Na+ efflux ATPase family"
"47","ENO2","47 kDa",0,0,0,0,9,0,0,0,0,0,0,0,0,43,0,66,17,100,80,61,65,79,53,79,0,13,"YHR174W","S000001217","Enolase II, a phosphopyruvate hydratase; catalyzes conversion of 2-phosphoglycerate to phosphoenolpyruvate during glycolysis and the reverse reaction during gluconeogenesis; expression induced in response to glucose; ENO2 has a paralog, ENO1, that arose from the whole genome duplication"
"48","ERG1","55 kDa",0,0,0,0,2,0,0,0,0,0,0,0,0,0,48,55,30,100,45,89,70,60,0,75,68,37,"YGR175C","S000003407","Squalene epoxidase; catalyzes the epoxidation of squalene to 2,3-oxidosqualene; plays an essential role in the ergosterol-biosynthesis pathway and is the specific target of the antifungal drug terbinafine; human SQLE functionally complements the lethality of the erg1 null mutation"
"49","ERG13","55 kDa",0,0,0,0,8,0,0,0,0,0,1,0,0,0,40,0,0,100,0,93,0,73,0,99,0,47,"YML126C","S000004595","3-hydroxy-3-methylglutaryl-CoA (HMG-CoA) synthase; catalyzes the formation of HMG-CoA from acetyl-CoA and acetoacetyl-CoA; involved in the second step in mevalonate biosynthesis"
"50","ERG3","43 kDa",0,0,0,0,0,2,0,0,0,0,0,0,0,53,0,0,0,0,100,56,65,0,0,64,0,0,"YLR056W","S000004046","C-5 sterol desaturase; glycoprotein that catalyzes the introduction of a C-5(6) double bond into episterol, a precursor in ergosterol biosynthesis; transcriptionally down-regulated when ergosterol is in excess; mutants are viable, but cannot grow on non-fermentable carbon sources; substrate of HRD ubiquitin ligase; mutation is functionally complemented by human SC5D"
"51","ERG5","61 kDa",0,0,0,0,3,0,0,0,0,0,0,0,0,0,0,80,0,100,27,0,0,0,47,60,0,0,"YMR015C","S000004617","C-22 sterol desaturase; a cytochrome P450 enzyme that catalyzes the formation of the C-22(23) double bond in the sterol side chain in ergosterol biosynthesis; may be a target of azole antifungal drugs"
"52","ERG9","52 kDa",0,0,0,0,3,0,0,0,0,0,0,0,0,0,0,61,0,100,0,61,0,0,0,88,23,0,"YHR190W","S000001233","Farnesyl-diphosphate farnesyl transferase (squalene synthase); joins two farnesyl pyrophosphate moieties to form squalene in the sterol biosynthesis pathway"
"53","FAS1","229 kDa",0,3,0,0,0,0,0,0,0,0,0,0,0,83,100,57,10,19,93,94,49,33,0,85,83,35,"YKL182W","S000001665","Beta subunit of fatty acid synthetase; complex catalyzes the synthesis of long-chain saturated fatty acids; contains acetyltransacylase, dehydratase, enoyl reductase, malonyl transacylase, and palmitoyl transacylase activities"
"54","FKS1","215 kDa",0,4,0,0,0,0,0,0,0,0,0,0,0,0,100,48,88,0,91,93,49,53,78,95,47,80,"YLR342W","S000004334","Catalytic subunit of 1,3-beta-D-glucan synthase; functionally redundant with alternate catalytic subunit Gsc2p; binds to regulatory subunit Rho1p; involved in cell wall synthesis and maintenance; localizes to sites of cell wall remodeling; FKS1 has a paralog, GSC2, that arose from the whole genome duplication"
"55","FTR1","46 kDa",0,0,0,0,0,2,0,0,0,0,0,0,0,0,0,0,0,43,100,0,76,0,0,0,0,31,"YER145C","S000000947","High affinity iron permease; involved in the transport of iron across the plasma membrane; forms complex with Fet3p; expression is regulated by iron; protein abundance increases in response to DNA replication stress"
"56","GCD1","66 kDa",0,0,0,2,0,0,0,0,0,0,0,0,0,39,86,32,100,19,0,47,24,0,17,0,38,9,"YOR260W","S000005786","Gamma subunit of the translation initiation factor eIF2B; the guanine-nucleotide exchange factor for eIF2; activity subsequently regulated by phosphorylated eIF2; first identified as a negative regulator of GCN4 expression"
"57","GCD6","81 kDa",0,0,0,3,0,0,0,0,0,0,0,0,1,0,0,50,100,32,12,72,71,89,94,52,85,94,"YDR211W","S000002619","Catalytic epsilon subunit of the translation initiation factor eIF2B; eIF2B is the guanine-nucleotide exchange factor for eIF2; activity subsequently regulated by phosphorylated eIF2; first identified as a negative regulator of GCN4 expression; forms cytoplasmic foci upon DNA replication stress"
"58","GCN1","297 kDa",31,8,0,0,0,0,0,0,0,0,0,0,0,100,100,81,68,80,95,97,98,98,32,88,98,86,"YGL195W","S000003163","Positive regulator of the Gcn2p kinase activity; forms a complex with Gcn20p; proposed to stimulate Gcn2p activation by an uncharged tRNA"
"59","GDE1","138 kDa",0,0,4,1,0,0,0,0,0,0,0,0,0,85,25,100,99,27,69,91,95,98,76,16,31,0,"YPL110C","S000006031","Glycerophosphocholine (GroPCho) phosphodiesterase; hydrolyzes GroPCho to choline and glycerolphosphate, for use as a phosphate source and as a precursor for phosphocholine synthesis; may interact with ribosomes"
"60","GEA2","166 kDa",0,5,0,0,0,0,0,0,0,0,0,0,0,80,100,0,63,77,0,36,68,92,65,23,63,88,"YEL022W","S000000748","Guanine nucleotide exchange factor for ADP ribosylation factors (ARFs); involved in vesicular transport between the Golgi and ER, Golgi organization, and actin cytoskeleton organization; GEA2 has a paralog, GEA1, that arose from the whole genome duplication"
"61","GET3","39 kDa",0,0,0,0,0,5,0,0,0,0,0,0,0,0,0,0,31,48,100,0,0,72,43,0,61,76,"YDL100C","S000002258","Guanine nucleotide exchange factor for Gpa1p; amplifies G protein signaling; functions as a chaperone under ATP-depleted oxidative stress conditions; subunit of GET complex, involved in ATP dependent Golgi to ER trafficking and insertion of tail-anchored (TA) proteins into ER membrane under non-stress conditions; binds as dimer to transmembrane domain (TMD) cargo, shielding TMDs from aqueous solvent; protein abundance increases under DNA replication stress"
"62","GFA1","80 kDa",0,0,0,5,0,0,0,0,0,1,0,0,0,49,74,26,100,26,0,86,69,0,98,77,0,0,"YKL104C","S000001587","Glutamine-fructose-6-phosphate amidotransferase; catalyzes the formation of glucosamine-6-P and glutamate from fructose-6-P and glutamine in the first step of chitin biosynthesis; GFA1 has a paralogous region, comprising ORFs YMR084W-YMR085W, that arose from the whole genome duplication"
"63","GGA2","64 kDa",0,0,0,2,0,0,0,0,0,0,0,0,0,0,0,0,100,0,0,0,69,69,63,54,0,0,"YHR108W","S000001150","Protein that regulates Arf1p, Arf2p to facilitate Golgi trafficking; binds phosphatidylinositol 4-phosphate, which plays a role in TGN localization; has homology to gamma-adaptin; GGA2 has a paralog, GGA1, that arose from the whole genome duplication"
"64","GND1","54 kDa",0,0,0,0,10,0,0,0,0,0,3,0,0,0,53,0,0,100,0,93,51,79,0,100,0,14,"YHR183W","S000001226","6-phosphogluconate dehydrogenase (decarboxylating); catalyzes an NADPH regenerating reaction in the pentose phosphate pathway; required for growth on D-glucono-delta-lactone and adaptation to oxidative stress; GND1 has a paralog, GND2, that arose from the whole genome duplication"
"65","GNP1","74 kDa",0,0,0,1,2,0,0,0,0,0,0,0,0,0,88,48,82,100,63,0,83,0,24,0,19,7,"YDR508C","S000002916","High-affinity glutamine permease; also transports Leu, Ser, Thr, Cys, Met and Asn; expression is fully dependent on Grr1p and modulated by the Ssy1p-Ptr3p-Ssy5p (SPS) sensor of extracellular amino acids; GNP1 has a paralog, AGP1, that arose from the whole genome duplication"
"66","GPA1","54 kDa",0,0,0,0,2,0,0,0,0,0,0,0,0,0,22,58,47,100,0,56,0,53,0,0,50,34,"YHR005C","S000001047","Subunit of the G protein involved in pheromone response; GTP-binding alpha subunit of the heterotrimeric G protein; negatively regulates the mating pathway by sequestering G(beta)gamma and by triggering an adaptive response; activates Vps34p at the endosome; protein abundance increases in response to DNA replication stress"
"67","GPD1","43 kDa",0,0,0,0,2,0,0,0,0,0,0,0,0,0,58,0,0,100,0,0,0,0,11,16,0,0,"YDL022W","S000002180","NAD-dependent glycerol-3-phosphate dehydrogenase; key enzyme of glycerol synthesis, essential for growth under osmotic stress; expression regulated by high-osmolarity glycerol response pathway; protein abundance increases in response to DNA replication stress; constitutively inactivated via phosphorylation by the protein kinases Ypk1p and Ypk2p, dephosphorylation increases catalytic activity; forms a heterodimer with Pnc1p to facilitate its peroxisomal import"
"68","GSF2","46 kDa",0,0,0,0,4,0,0,0,0,0,1,0,0,56,71,33,49,100,74,80,67,0,76,96,0,0,"YML048W","S000004511","Endoplasmic reticulum (ER) localized integral membrane protein; may promote secretion of certain hexose transporters, including Gal2p; involved in glucose-dependent repression"
"69","GUA1","58 kDa",0,0,0,0,10,0,0,0,0,3,0,0,0,49,0,62,0,100,48,0,0,0,100,31,0,0,"YMR217W","S000004830","GMP synthase; highly conserved enzyme that catalyzes the second step in the biosynthesis of GMP from inosine 5'-phosphate (IMP); transcription is not subject to regulation by guanine but is negatively regulated by nutrient starvation; reduction-of-function mutation gua1-G388D causes changes in cellular guanine nucleotide pools, defects in general protein synthesis, and impaired translation of GCN4 mRNA"
"70","GYP5","102 kDa",0,0,2,0,0,0,0,0,0,0,0,0,0,0,72,100,44,15,75,98,0,0,0,71,75,14,"YPL249C","S000006170","GTPase-activating protein (GAP) for yeast Rab family members; involved in ER to Golgi trafficking; exhibits GAP activity toward Ypt1p that is stimulated by Gyl1p, also acts on Sec4p; interacts with Gyl1p, Rvs161p and Rvs167p; involved in recruiting Rvs167p to the bud tip during polarized growth; relocalizes from bud neck to cytoplasm upon DNA replication stress; GYP5 has a paralog, GYL1, that arose from the whole genome duplication"
"71","HIP1","66 kDa",0,0,0,0,2,0,0,0,0,0,0,0,0,48,23,82,17,100,0,72,37,0,91,0,32,0,"YGR191W","S000003423","High-affinity histidine permease; also involved in the transport of manganese ions"
"72","HMG1","116 kDa",0,0,0,0,0,0,0,0,0,0,0,1,4,98,86,91,62,91,34,0,88,84,88,47,98,100,"YML075C","S000004540","HMG-CoA reductase; catalyzes conversion of HMG-CoA to mevalonate, which is a rate-limiting step in sterol biosynthesis; one of two isozymes; localizes to nuclear envelope; overproduction induces formation of karmellae; forms foci at nuclear periphery upon DNA replication stress; HMG1 has a paralog, HMG2, that arose from the whole genome duplication; human homolog HMGCR can complement yeast hmg1 mutant"
"73","HRK1","86 kDa",0,0,0,0,0,0,0,0,0,0,0,0,3,0,72,51,0,0,11,0,0,96,0,0,0,100,"YOR267C","S000005793","Protein kinase; implicated in activation of the plasma membrane H(+)-ATPase Pma1p in response to glucose metabolism; plays a role in ion homeostasis; protein abundance increases in response to DNA replication stress"
"74","HSC82","81 kDa",0,0,0,6,0,0,0,0,0,0,0,0,0,61,0,99,100,0,87,99,67,60,49,92,40,0,"YMR186W","S000004798","Cytoplasmic chaperone of the Hsp90 family; plays a role in determining prion variants; redundant in function and nearly identical with Hsp82p, and together they are essential; expressed constitutively at 10-fold higher basal levels than HSP82 and induced 2-3 fold by heat shock; contains two acid-rich unstructured regions that promote the solubility of chaperone-substrate complexes; HSC82 has a paralog, HSP82, that arose from the whole genome duplication"
"75","HSP60","61 kDa",0,0,0,5,2,0,0,0,0,1,0,0,0,41,82,0,100,100,81,88,36,0,100,93,42,37,"YLR259C","S000004249","Tetradecameric mitochondrial chaperonin; required for ATP-dependent folding of precursor polypeptides and complex assembly; prevents aggregation and mediates protein refolding after heat shock; role in mtDNA transmission; phosphorylated"
"76","HXT3","63 kDa",0,0,0,1,5,0,0,0,0,0,1,0,1,49,0,0,100,100,0,37,94,0,0,99,0,99,"YDR345C","S000002753","Low affinity glucose transporter of the major facilitator superfamily; expression is induced in low or high glucose conditions; HXT3 has a paralog, HXT5, that arose from the whole genome duplication"
"77","IDH2","40 kDa",0,0,0,0,0,2,0,0,0,0,0,0,0,66,0,0,0,0,100,0,0,0,0,0,0,0,"YOR136W","S000005662","Subunit of mitochondrial NAD(+)-dependent isocitrate dehydrogenase; complex catalyzes the oxidation of isocitrate to alpha-ketoglutarate in the TCA cycle; phosphorylated"
"78","ILS1","123 kDa",0,0,7,0,0,0,0,0,0,0,0,0,2,78,0,100,55,15,42,60,0,100,24,55,0,100,"YBL076C","S000000172","Cytoplasmic isoleucine-tRNA synthetase; target of the G1-specific inhibitor reveromycin A"
"79","ILV1","64 kDa",0,0,0,0,2,0,0,0,0,0,0,0,0,64,78,28,21,100,0,99,44,0,75,45,0,0,"YER086W","S000000888","Threonine deaminase, catalyzes first step in isoleucine biosynthesis; expression is under general amino acid control; ILV1 locus exhibits highly positioned nucleosomes whose organization is independent of known ILV1 regulation"
"80","ILV2","75 kDa",0,0,0,2,0,0,0,0,0,0,0,0,0,25,12,20,100,0,61,92,74,0,89,68,76,15,"YMR108W","S000004714","Acetolactate synthase; catalyses the first common step in isoleucine and valine biosynthesis and is the target of several classes of inhibitors, localizes to the mitochondria; expression of the gene is under general amino acid control"
"81","IST2","106 kDa",0,0,0,2,0,0,0,0,0,0,0,0,6,99,75,80,100,36,0,0,36,0,63,46,68,100,"YBR086C","S000000290","Cortical ER protein involved in ER-plasma membrane tethering; one of 6 proteins (Ist2p, Scs2p, Scs22p, Tcb1p, Tcb2p, Tcb3p) that connect ER to the plasma membrane (PM) and regulate PM phosphatidylinositol-4-phosphate (PI4P) levels by controlling access of Sac1p phosphatase to its substrate PI4P in the PM; localizes to the mother cell in small-budded cells and to the bud in medium- and large-budded cells; mRNA is transported to the bud tip by an actomyosin-driven process"
"82","KAP104","104 kDa",0,0,0,0,0,0,0,0,0,0,0,0,2,29,0,58,0,0,48,0,69,0,0,0,0,100,"YBR017C","S000000221","Transportin or cytosolic karyopherin beta 2; functions in the rg-nuclear localization signal-mediated nuclear import/reimport of mRNA-binding proteins Nab2p and Hrp1p; regulates asymmetric protein synthesis in daughter cells during mitosis"
"83","KAP120","120 kDa",0,0,0,0,0,0,0,0,0,0,0,0,3,0,0,33,0,0,0,0,72,62,20,93,0,100,"YPL125W","S000006046","Karyopherin responsible for the nuclear import of Rpf1p; Rpf1p is a ribosome maturation factor"
"84","KAP122","124 kDa",0,0,0,0,0,0,0,0,0,0,0,0,8,0,0,58,0,0,0,51,0,0,0,0,0,100,"YGL016W","S000002984","Karyopherin beta; responsible for import of the Toa1p-Toa2p complex into the nucleus; binds to nucleoporins Nup1p and Nup2p; may play a role in regulation of pleiotropic drug resistance"
"85","KAP123","123 kDa",0,0,14,0,0,0,0,0,0,0,0,0,10,0,89,100,94,0,59,37,70,78,0,15,61,100,"YER110C","S000000912","Karyopherin beta; mediates nuclear import of ribosomal proteins prior to assembly into ribosomes and import of histones H3 and H4; localizes to the nuclear pore, nucleus, and cytoplasm; exhibits genetic interactions with RAI1"
"86","KAP95","95 kDa",0,0,0,4,0,0,0,0,0,0,0,0,0,19,0,89,100,38,0,85,0,0,0,0,98,29,"YLR347C","S000004339","Karyopherin beta; forms a complex with Srp1p/Kap60p; interacts with nucleoporins to mediate nuclear import of NLS-containing cargo proteins via the nuclear pore complex; regulates PC biosynthesis; GDP-to-GTP exchange factor for Gsp1p"
"87","KAR2","74 kDa",0,0,0,4,0,0,0,0,0,1,0,0,0,0,62,60,100,8,23,76,71,27,100,26,71,60,"YJL034W","S000003571","ATPase involved in protein import into the ER; also acts as a chaperone to mediate protein folding in the ER and may play a role in ER export of soluble proteins; regulates the unfolded protein response via interaction with Ire1p"
"88","LCB1","62 kDa",0,0,0,2,0,0,0,0,0,0,0,0,0,0,0,78,100,24,0,0,0,0,0,0,0,0,"YMR296C","S000004911","Component of serine palmitoyltransferase; responsible along with Lcb2p for the first committed step in sphingolipid synthesis, which is the condensation of serine with palmitoyl-CoA to form 3-ketosphinganine"
"89","LCB2","63 kDa",0,0,0,0,3,0,0,0,0,0,0,0,0,44,0,0,0,100,59,70,63,0,81,94,0,0,"YDR062W","S000002469","Component of serine palmitoyltransferase; responsible along with Lcb1p for the first committed step in sphingolipid synthesis, which is the condensation of serine with palmitoyl-CoA to form 3-ketosphinganine"
"90","LOS1","127 kDa",0,0,0,0,0,0,0,0,0,0,0,0,5,12,21,48,74,48,17,82,68,79,0,0,44,100,"YKL205W","S000001688","Nuclear pore protein; involved in nuclear export of pre-tRNA and in re-export of mature tRNAs after their retrograde import from the cytoplasm; deletion mutation extends replicative lifespan, as does exclusion of Los1p from the nucleus in response to caloric restriction"
"91","LSB5","40 kDa",0,0,0,0,2,0,0,0,0,0,1,0,0,0,41,0,21,100,41,73,72,0,0,94,0,0,"YCL034W","S000000539","Protein involved in membrane-trafficking events at plasma membrane; interacts with actin regulators Sla1p and Las17p, ubiquitin, Arf3p to couple actin dynamics to membrane trafficking processes; similar structure to GGA family of proteins with N-terminal VHS domain and GAT domain; binds Las17p, which is homolog of human Wiskott-Aldrich Syndrome protein involved in actin patch assembly, actin polymerization; may mediate disassembly of Pan1 complex from endocytic coat"
"92","LSP1","38 kDa",0,0,0,0,3,0,0,0,0,0,2,0,0,72,0,0,0,100,0,0,46,92,80,100,0,0,"YPL004C","S000005925","Eisosome core component; eisosomes are large immobile patch structures at the cell cortex associated with endocytosis; phosphorylated on Thr233 upon Pkc1p hyperactivation in a Slt2p MAPK-dependent fashion; null mutants show activation of Pkc1p/Ypk1p stress resistance pathways; member of the BAR domain family"
"93","MCM4","105 kDa",1,0,0,0,0,0,0,0,0,0,0,0,3,95,0,29,70,63,62,100,96,91,83,0,63,100,"YPR019W","S000006223","Essential helicase component of heterohexameric MCM2-7 complexes; MCM2-7 complexes bind pre-replication complexes on DNA and melt DNA prior to replication; forms an Mcm4p-6p-7p subcomplex; shows nuclear accumulation in G1; homolog of S. pombe Cdc21p"
"94","MCM5","86 kDa",0,0,0,0,0,0,0,0,0,0,2,0,1,95,57,30,87,29,0,60,0,81,66,100,98,99,"YLR274W","S000004264","Component of the Mcm2-7 hexameric helicase complex; MCM complex is important for priming origins of DNA replication in G1 and becomes an active ATP-dependent helicase that promotes DNA melting and elongation when activated by Cdc7p-Dbf4p in S-phase"
"95","MCM6","113 kDa",0,0,3,0,1,0,0,0,0,0,0,0,0,0,0,100,48,94,87,56,0,74,55,0,0,39,"YGL201C","S000003169","Protein involved in DNA replication; component of the Mcm2-7 hexameric helicase complex that binds chromatin as a part of the pre-replicative complex; forms a subcomplex with Mcm4p and Mcm7p"
"96","MDL1","76 kDa",0,0,0,2,0,0,0,0,0,0,0,0,0,34,0,46,100,44,0,0,45,88,64,69,62,0,"YLR188W","S000004178","Mitochondrial inner membrane half-type ABC transporter; mediates export of peptides generated upon proteolysis of mitochondrial proteins; plays a role in the regulation of cellular resistance to oxidative stress"
"97","MDN1","559 kDa",3,0,0,0,0,0,0,0,0,0,0,0,0,100,100,100,96,45,94,100,99,99,80,95,99,94,"YLR106C","S000004096","Huge dynein-related AAA-type ATPase (midasin); forms extended pre-60S particle with the Rix1 complex (Rix1p-Ipi1p-Ipi3p); acts in removal of ribosomal biogenesis factors at successive steps of pre-60S assembly and export from nucleus"
"98","MET18","118 kDa",0,0,0,0,1,0,0,0,0,0,0,0,2,56,21,43,0,92,0,70,0,50,31,0,0,100,"YIL128W","S000001390","Component of cytosolic iron-sulfur protein assembly (CIA) machinery; acts at a late step of Fe-S cluster assembly; forms the CIA targeting complex with Cia1p and Cia2p that directs Fe-S cluster incorporation into a subset of proteins involved in methionine biosynthesis, DNA replication and repair, transcription, and telomere maintenance; ortholog of human MMS19"
"99","MIR1","33 kDa",0,0,0,0,0,9,0,0,0,0,0,1,0,71,70,0,0,62,100,0,55,0,0,33,97,0,"YJR077C","S000003838","Mitochondrial phosphate carrier; imports inorganic phosphate into mitochondria; functionally redundant with Pic2p but more abundant than Pic2p under normal conditions; phosphorylated"
"100","MNN5","67 kDa",0,0,0,2,0,1,0,0,0,0,0,0,0,0,69,0,100,53,96,22,0,0,20,59,66,10,"YJL186W","S000003722","Alpha-1,2-mannosyltransferase; responsible for addition of the second alpha-1,2-linked mannose of the branches on the mannan backbone of oligosaccharides, localizes to an early Golgi compartment"
"101","MON2","187 kDa",0,4,0,0,0,0,0,0,0,0,0,0,0,0,100,81,92,16,73,46,31,40,95,92,39,30,"YNL297C","S000005241","Protein with a role in endocytosis and vacuole integrity; peripheral membrane protein; interacts with and negatively regulates Arl1p; localizes to the endosome; member of the Sec7p family of proteins"
"102","MSC7","71 kDa",0,0,0,5,0,0,0,0,0,1,0,0,0,86,66,59,100,16,0,43,0,0,98,23,0,24,"YHR039C","S000001081","Protein of unknown function; green fluorescent protein (GFP)-fusion protein localizes to the endoplasmic reticulum; msc7 mutants are defective in directing meiotic recombination events to homologous chromatids"
"103","MSN5","142 kDa",0,0,4,0,0,0,0,0,0,0,0,0,0,27,88,100,73,16,68,68,59,78,0,71,89,0,"YDR335W","S000002743","Karyopherin; involved in nuclear import and export of proteins, including import of replication protein A and export of Far1p and transcription factors Swi5p, Swi6p, Msn2p, and Pho4p; required for re-export of mature tRNAs after their retrograde import from the cytoplasm; exportin-5 homolog"
"104","MTR10","111 kDa",0,0,0,0,0,0,0,0,0,0,0,0,2,78,74,77,83,0,0,0,16,0,88,71,77,100,"YOR160W","S000005686","Nuclear import receptor; mediates the nuclear localization of proteins involved in mRNA-nucleus export; promotes dissociation of mRNAs from the nucleus-cytoplasm mRNA shuttling protein Npl3p; required for retrograde import of mature tRNAs; relocalizes from cytoplasm to the nuclear periphery upon DNA replication stress"
"105","NDE1","63 kDa",0,0,0,0,2,0,0,0,0,3,0,0,0,60,65,0,82,100,61,81,53,87,100,89,0,0,"YMR145C","S000004753","Mitochondrial external NADH dehydrogenase; type II NAD(P)H:quinone oxidoreductase that catalyzes the oxidation of cytosolic NADH; Nde1p and Nde2p provide cytosolic NADH to the mitochondrial respiratory chain; NDE1 has a paralog, NDE2, that arose from the whole genome duplication"
"106","NDI1","57 kDa",0,0,0,0,2,0,0,0,0,0,0,0,0,28,92,0,0,100,25,47,0,77,0,0,54,7,"YML120C","S000004589","NADH:ubiquinone oxidoreductase; transfers electrons from NADH to ubiquinone in respiratory chain but does not pump protons, in contrast to higher eukaryotic multisubunit respiratory complex I; upon apoptotic stress, is activated in mitochondria by N-terminal cleavage, then translocates to cytoplasm to induce apoptosis; homolog of human AIFM2; yeast NDI1 complements several phenotypes of human cell line with mutated MT-ND4, implicated in Leber hereditary optic neuropathy"
"107","NEW1","134 kDa",0,0,4,0,0,0,0,0,0,0,0,0,0,88,0,100,77,18,35,50,87,63,35,60,37,87,"YPL226W","S000006147","ATP binding cassette protein; cosediments with polysomes and is required for biogenesis of the small ribosomal subunit; Asn/Gln-rich rich region supports [NU+] prion formation and susceptibility to [PSI+] prion induction"
"108","NIP1","93 kDa",0,0,0,2,0,0,0,0,0,0,0,0,8,28,0,58,100,18,57,0,91,40,0,0,86,100,"YMR309C","S000004926","eIF3c subunit of the eukaryotic translation initiation factor 3 (eIF3); involved in the assembly of preinitiation complex and start codon selection; eIF3 is also involved in programmed stop codon readthrough"
"109","NMA1","46 kDa",0,0,0,0,3,0,0,0,0,0,1,0,0,38,27,26,0,100,78,72,0,0,0,100,0,0,"YLR328W","S000004320","Nicotinic acid mononucleotide adenylyltransferase; catalyzes the transfer of the adenylyl moiety of ATP to nicotinamide mononucleotide to form NAD; involved in pathways of NAD biosynthesis, including the de novo, NAD(+) salvage, and nicotinamide riboside salvage pathways; homolog of human NMNAT; NMA1 has a paralog, NMA2, that arose from the whole genome duplication"
"110","NMD5","120 kDa",0,0,3,0,0,0,0,0,0,0,0,0,6,46,54,100,0,0,79,0,78,0,85,0,61,100,"YJR132W","S000003893","Karyopherin; a carrier protein involved in nuclear import of proteins; importin beta homolog"
"111","NPA3","43 kDa",0,0,0,0,5,0,0,0,0,0,0,0,0,68,83,0,63,100,61,0,0,18,45,0,48,58,"YJR072C","S000003833","Member of the conserved GPN-loop GTPase family; has a role in transport of RNA polymerase II to the nucleus; exhibits GTP-dependent binding to PolII; has ATPase activity; involved in sister chromatid cohesion; phosphorylated by the Pcl1p-Pho85p kinase complex; human homolog XAB1 interacts with human RNA polymerase II; protein abundance increases in response to DNA replication stress"
"112","NSR1","45 kDa",0,0,0,0,12,2,0,0,0,2,4,1,0,0,0,0,50,100,100,33,0,0,100,100,98,57,"YGR159C","S000003391","Nucleolar protein that binds nuclear localization sequences; required for pre-rRNA processing and ribosome biogenesis; binds to single stranded telomeric DNA and mRNA; methylated by Hmt1p; interaction with Top1p and nucleolar localization are negatively regulated by polyphosphorylation"
"113","NUP120","120 kDa",0,0,0,0,0,0,0,0,0,0,0,0,3,0,0,26,0,0,35,0,25,0,0,0,27,100,"YKL057C","S000001540","Subunit of the Nup84p subcomplex of the nuclear pore complex (NPC); contributes to nucleocytoplasmic transport and NPC biogenesis and is involved in establishment of a normal nucleocytoplasmic concentration gradient of the GTPase Gsp1p; also plays roles in several processes that may require localization of genes or chromosomes at the nuclear periphery, including double-strand break repair, transcription and chromatin silencing; homologous to human NUP160"
"114","NUP133","133 kDa",0,0,6,0,0,0,0,0,0,0,0,0,0,69,82,100,0,88,0,72,0,0,0,0,99,45,"YKR082W","S000001790","Subunit of Nup84p subcomplex of nuclear pore complex (NPC); contributes to nucleocytoplasmic transport, NPC biogenesis; is involved in establishment of a normal nucleocytoplasmic concentration gradient of GTPase Gsp1p; also plays roles in several processes that may require localization of genes or chromosomes at nuclear periphery, including double-strand break repair, transcription and chromatin silencing; relocalizes to cytosol in response to hypoxia; homolog of human NUP133"
"115","NUP188","189 kDa",0,6,0,0,0,0,0,0,0,0,0,0,0,31,100,16,92,0,0,43,23,0,0,57,0,35,"YML103C","S000004571","Subunit of the inner ring of the nuclear pore complex (NPC); contributes to NPC organization and nucleocytoplasmic transport; homologous to human NUP188"
"116","NUP192","192 kDa",0,3,0,0,0,0,0,0,0,0,0,0,0,90,100,0,6,16,0,0,27,35,0,0,0,0,"YJL039C","S000003576","Essential subunit of inner ring of nuclear pore complex (NPC); plays a role in modulating transport through the NPC; homologous to human NUP205"
"117","OLA1","44 kDa",0,0,0,0,2,0,0,0,0,0,0,0,0,29,0,27,62,100,0,89,62,0,0,0,0,0,"YBR025C","S000000229","P-loop ATPase with similarity to human OLA1 and bacterial YchF; identified as specifically interacting with the proteasome; null mutant displays increased translation rate and increased readthrough of premature stop codons; protein abundance increases in response to hydrogen peroxide and to DNA replication stress"
"118","OLE1","58 kDa",0,0,0,0,2,0,0,0,0,0,0,0,0,0,25,71,52,100,0,57,0,76,0,25,88,37,"YGL055W","S000003023","Delta(9) fatty acid desaturase; required for monounsaturated fatty acid synthesis and for normal distribution of mitochondria"
"119","PDC1","61 kDa",1,0,0,0,4,0,0,0,0,0,0,0,0,81,0,0,14,100,39,0,66,0,90,21,50,45,"YLR044C","S000004034","Major of three pyruvate decarboxylase isozymes; key enzyme in alcoholic fermentation; decarboxylates pyruvate to acetaldehyde; involved in amino acid catabolism; subject to glucose-, ethanol-, and autoregulation; activated by phosphorylation in response to glucose levels; N-terminally propionylated in vivo"
"120","PDR12","171 kDa",0,0,3,0,0,0,0,0,0,0,0,0,0,0,47,100,32,47,69,89,86,92,49,48,75,15,"YPL058C","S000005979","Plasma membrane ATP-binding cassette (ABC) transporter; weak-acid-inducible multidrug transporter required for weak organic acid resistance; induced by sorbate and benzoate and regulated by War1p; mutants exhibit sorbate hypersensitivity"
"121","PDR5","170 kDa",0,5,6,0,0,0,0,0,7,0,0,0,0,36,100,100,91,53,70,89,59,100,98,41,87,37,"YOR153W","S000005679","Plasma membrane ATP-binding cassette (ABC) transporter; multidrug transporter actively regulated by Pdr1p; also involved in steroid transport, cation resistance, and cellular detoxification during exponential growth; PDR5 has a paralog, PDR15, that arose from the whole genome duplication"
"122","PET9","34 kDa",0,0,0,0,0,13,0,0,0,0,0,7,0,95,0,24,48,70,100,67,95,76,22,83,100,70,"YBL030C","S000000126","Major ADP/ATP carrier of the mitochondrial inner membrane; exchanges cytosolic ADP for mitochondrially synthesized ATP; also imports heme and ATP; required for viability in many lab strains that carry a sal1 mutation; PET9 has a paralog, AAC3, that arose from the whole genome duplication; human homolog SLC25A4 implicated in progressive external ophthalmoplegia can complement yeast null mutant"
"123","PFK1","108 kDa",0,0,0,0,0,0,0,0,0,0,0,0,4,98,98,98,94,0,0,97,53,73,81,89,0,100,"YGR240C","S000003472","Alpha subunit of heterooctameric phosphofructokinase; involved in glycolysis, indispensable for anaerobic growth, activated by fructose-2,6-bisphosphate and AMP, mutation inhibits glucose induction of cell cycle-related genes"
"124","PFK2","105 kDa",0,0,0,0,0,0,0,0,0,0,0,0,5,0,65,58,62,0,74,59,64,58,0,68,0,100,"YMR205C","S000004818","Beta subunit of heterooctameric phosphofructokinase; involved in glycolysis; indispensable for anaerobic growth; activated by fructose-2,6-bisphosphate and AMP; mutation inhibits glucose induction of cell cycle-related genes"
"125","PGK1","45 kDa",0,0,0,0,2,0,0,0,0,0,0,0,0,0,81,0,72,100,51,79,76,57,47,0,0,32,"YCR012W","S000000605","3-phosphoglycerate kinase; catalyzes transfer of high-energy phosphoryl groups from the acyl phosphate of 1,3-bisphosphoglycerate to ADP to produce ATP; key enzyme in glycolysis and gluconeogenesis"
"126","PHO81","134 kDa",0,0,6,0,0,0,0,0,0,0,0,0,0,67,0,100,0,45,0,92,94,0,0,0,93,37,"YGR233C","S000003465","Cyclin-dependent kinase (CDK) inhibitor; regulates Pho80p-Pho85p and Pcl7p-Pho85p cyclin-CDK complexes in response to phosphate levels; inhibitory activity for Pho80p-Pho85p requires myo-D-inositol heptakisphosphate (IP7) generated by Vip1p; relative distribution to the nucleus increases upon DNA replication stress"
"127","PHO84","64 kDa",0,0,0,0,10,0,0,0,0,1,2,0,0,0,0,0,77,100,42,0,0,0,100,100,42,0,"YML123C","S000004592","High-affinity inorganic phosphate (Pi) transporter; also low-affinity manganese transporter; regulated by Pho4p and Spt7p; mutation confers resistance to arsenate; exit from the ER during maturation requires Pho86p; cells overexpressing Pho84p accumulate heavy metals but do not develop symptoms of metal toxicity"
"128","PHO91","99 kDa",0,0,0,3,0,0,0,0,0,0,0,0,0,47,0,59,100,0,0,0,77,56,74,0,63,18,"YNR013C","S000005296","Low-affinity vacuolar phosphate transporter; exports phosphate from the vacuolar lumen to the cytosol; regulates phosphate and polyphosphate metabolism; acts upstream of Pho81p in regulation of the PHO pathway; localizes to sites of contact between the vacuole and mitochondria (vCLAMPs); deletion of pho84, pho87, pho89, pho90, and pho91 causes synthetic lethality; transcription independent of Pi and Pho4p activity; overexpression results in vigorous growth"
"129","PIL1","38 kDa",0,0,0,0,1,0,0,0,0,0,2,0,0,0,0,0,0,99,0,0,49,0,0,100,0,44,"YGR086C","S000003318","Eisosome core component; eisosomes are large immobile cell cortex structures associated with endocytosis; detected in phosphorylated state in mitochondria; phosphorylated on Thr233 upon Pkc1p hyperactivation in a Slt2p MAPK-dependent fashion; null mutant shows activation of Pkc1p/Ypk1p stress resistance pathways; member of BAR domain family; protein increases in abundance and relocalizes from plasma membrane to cytoplasm upon DNA replication stress"
"130","PMA1","100 kDa",12,17,14,20,9,3,3,17,15,14,4,1,34,100,100,100,100,100,100,100,100,100,100,100,100,100,"YGL008C","S000002976","Plasma membrane P2-type H+-ATPase; pumps protons out of cell; major regulator of cytoplasmic pH and plasma membrane potential; long-lived protein asymmetrically distributed at plasma membrane between mother cells and buds; accumulates at high levels in mother cells during aging, buds emerge with very low levels of Pma1p, newborn cells have low levels of Pma1p; Hsp30p plays a role in Pma1p regulation; interactions with Std1p appear to propagate [GAR+]"
"131","PMA2","102 kDa",0,0,0,0,0,0,0,0,1,0,0,0,2,0,0,0,48,0,14,28,0,99,0,55,58,100,"YPL036W","S000005957","Plasma membrane H+-ATPase; isoform of Pma1p, involved in pumping protons out of the cell; regulator of cytoplasmic pH and plasma membrane potential"
"132","PMT2","87 kDa",0,0,0,2,0,0,0,0,0,1,0,0,0,16,88,24,100,0,0,70,46,0,100,0,96,52,"YAL023C","S000000021","Protein O-mannosyltransferase of the ER membrane; transfers mannose residues from dolichyl phosphate-D-mannose to protein serine/threonine residues; involved in ER quality control; acts in a complex with Pmt1p, can instead interact with Pmt5p; antifungal drug target; PMT2 has a paralog, PMT3, that arose from the whole genome duplication"
"133","PRO3","30 kDa",0,0,0,0,0,8,0,0,0,0,0,0,0,51,0,0,44,0,100,84,68,51,0,34,87,0,"YER023W","S000000825","Delta 1-pyrroline-5-carboxylate reductase; catalyzes the last step in proline biosynthesis"
"134","PRS1","47 kDa",0,0,0,0,3,0,0,0,0,0,0,0,0,0,0,65,20,100,0,0,0,0,74,0,0,29,"YKL181W","S000001664","5-phospho-ribosyl-1(alpha)-pyrophosphate synthetase; synthesizes PRPP, which is required for nucleotide, histidine, and tryptophan biosynthesis; plays a key role in cell wall integrity (CWI) pathway; one of five related enzymes, which are active as heteromultimeric complexes; missense mutations in human homolog PRPS1 are associated with neuropathic Arts syndrome and Charcot-Marie Tooth (CMTX5) disease"
"135","PRS5","54 kDa",0,0,0,0,3,0,0,0,0,0,0,0,0,58,0,0,0,100,66,0,0,69,56,0,0,0,"YOL061W","S000005422","5-phospho-ribosyl-1(alpha)-pyrophosphate synthetase; synthesizes PRPP, which is required for nucleotide, histidine, and tryptophan biosynthesis; one of five related enzymes, which are active as heteromultimeric complexes; forms cytoplasmic foci upon DNA replication stress"
"136","PSA1","40 kDa",0,0,0,0,0,3,0,0,0,0,0,0,0,0,0,0,18,98,100,0,0,76,55,92,70,26,"YDL055C","S000002213","GDP-mannose pyrophosphorylase (mannose-1-phosphate guanyltransferase); synthesizes GDP-mannose from GTP and mannose-1-phosphate in cell wall biosynthesis; required for normal cell wall structure"
"137","PSE1","121 kDa",0,0,1,0,0,0,0,0,0,0,0,0,4,0,0,95,20,0,79,0,67,70,86,64,20,100,"YMR308C","S000004925","Karyopherin/importin that interacts with the nuclear pore complex; acts as the nuclear import receptor for specific proteins, including Pdr1p, Yap1p, Ste12p, and Aft1p"
"138","QRI1","53 kDa",0,0,0,0,2,0,0,0,0,0,0,0,0,84,32,13,0,100,0,0,0,0,87,72,89,30,"YDL103C","S000002261","UDP-N-acetylglucosamine pyrophosphorylase; catalyzes the formation of UDP-N-acetylglucosamine (UDP-GlcNAc), which is important in cell wall biosynthesis, protein N-glycosylation, and GPI anchor biosynthesis; protein abundance increases in response to DNA replication stress"
"139","REG1","113 kDa",0,4,0,1,0,0,0,0,4,0,0,0,0,87,100,0,89,61,29,26,28,100,0,54,82,0,"YDR028C","S000002435","Regulatory subunit of type 1 protein phosphatase Glc7p; involved in negative regulation of glucose-repressible genes; involved in regulation of the nucleocytoplasmic shuttling of Hxk2p; REG1 has a paralog, REG2, that arose from the whole genome duplication"
"140","RNA1","46 kDa",0,0,0,0,4,0,0,0,0,0,0,0,0,0,0,0,0,100,72,52,0,69,0,0,48,0,"YMR235C","S000004848","GTPase activating protein (GAP) for Gsp1p; involved in nuclear transport"
"141","RNR1","100 kDa",0,0,0,0,0,0,0,0,0,0,0,0,9,60,79,92,0,0,82,98,23,0,0,27,76,100,"YER070W","S000000872","Major isoform of large subunit of ribonucleotide-diphosphate reductase; the RNR complex catalyzes rate-limiting step in dNTP synthesis, regulated by DNA replication and DNA damage checkpoint pathways via localization of small subunits; relative distribution to the nucleus increases upon DNA replication stress; RNR1 has a paralog, RNR3, that arose from the whole genome duplication"
"142","RNR2","46 kDa",0,0,0,0,3,0,0,0,0,0,0,0,0,41,72,0,41,100,55,0,43,0,0,69,0,0,"YJL026W","S000003563","Ribonucleotide-diphosphate reductase (RNR), small subunit; the RNR complex catalyzes the rate-limiting step in dNTP synthesis and is regulated by DNA replication and DNA damage checkpoint pathways via localization of the small subunits; RNR2 has a paralog, RNR4, that arose from the whole genome duplication"
"143","RPB2","139 kDa",0,0,2,0,0,0,0,0,0,0,0,0,0,74,81,100,26,72,69,100,58,38,34,96,42,26,"YOR151C","S000005677","RNA polymerase II second largest subunit B150; part of central core; similar to bacterial beta subunit"
"144","RPG1","110 kDa",0,0,2,0,0,0,0,0,0,0,0,0,0,85,78,100,0,60,61,97,37,95,79,66,89,98,"YBR079C","S000000283","eIF3a subunit of the eukaryotic translation initiation factor 3 (eIF3); subunit of the core complex of eIF3; essential for translation; part of a Prt1p-Rpg1p-Nip1p subcomplex that stimulates binding of mRNA and tRNA(i)Met to ribosomes; involved in translation reinitiation; eIF3 is also involved in programmed stop codon readthrough"
"145","RPL4A","39 kDa",0,0,0,0,0,2,0,0,0,0,0,0,0,59,35,54,33,0,100,0,77,0,80,91,89,0,"YBR031W","S000000235","Ribosomal 60S subunit protein L4A; N-terminally acetylated; homologous to mammalian ribosomal protein L4 and bacterial L4; RPL4A has a paralog, RPL4B, that arose from the whole genome duplication"
"146","RPN1","109 kDa",0,0,0,0,0,0,0,0,0,0,0,0,3,79,58,98,61,0,0,69,73,0,0,71,53,100,"YHR027C","S000001069","Non-ATPase base subunit of the 19S RP of the 26S proteasome; may participate in the recognition of several ligands of the proteasome; contains a leucine-rich repeat (LRR) domain, a site for protein-protein interactions; RP is the acronym for regulatory particle"
"147","RPP0","34 kDa",0,0,0,0,0,3,0,0,0,0,0,1,0,18,0,0,93,0,100,0,19,0,0,49,98,0,"YLR340W","S000004332","Conserved ribosomal protein P0 of the ribosomal stalk; involved in interaction between translational elongation factors and the ribosome; phosphorylated on serine 302; homologous to mammalian ribosomal protein LP0 and bacterial L10"
"148","RPS3","27 kDa",0,0,0,0,0,7,0,0,0,0,0,6,0,66,33,47,33,0,100,0,28,0,76,67,100,24,"YNL178W","S000005122","Protein component of the small (40S) ribosomal subunit; has apurinic/apyrimidinic (AP) endonuclease activity; essential for viability; nascent Rps3p is bound by specific chaperone Yar1p during translation; homologous to mammalian ribosomal protein S3 and bacterial S3"
"149","RPS31","17 kDa",0,1,1,2,1,0,0,0,0,0,0,0,1,71,98,100,100,100,0,0,0,30,0,0,0,99,"YLR167W","S000004157","Fusion protein cleaved to yield ribosomal protein S31 and ubiquitin; ubiquitin may facilitate assembly of the ribosomal protein into ribosomes; interacts genetically with translation factor eIF2B; homologous to mammalian ribosomal protein S27A, no bacterial homolog"
"150","RPT5","48 kDa",0,0,0,0,3,0,0,0,0,0,0,0,0,72,0,53,58,100,23,33,71,49,22,68,20,0,"YOR117W","S000005643","ATPase of the 19S regulatory particle of the 26S proteasome; one of six ATPases of the regulatory particle; involved in the degradation of ubiquitinated substrates; recruited to the GAL1-10 promoter region upon induction of transcription; similar to human TBP1"
"151","RSN1","108 kDa",0,0,0,2,0,0,0,0,1,0,0,0,1,0,0,93,100,0,0,72,0,100,42,23,20,97,"YMR266W","S000004879","Membrane protein of unknown function; overexpression suppresses NaCl sensitivity of sro7 mutant cells by restoring sodium pump (Ena1p) localization to the plasma membrane"
"152","RTN1","33 kDa",0,0,0,0,2,7,0,0,0,0,6,3,0,64,0,0,0,100,100,0,26,0,0,100,100,0,"YDR233C","S000002641","Reticulon protein; involved in nuclear pore assembly and maintenance of tubular ER morphology; promotes membrane curvature; regulates the ER asymmetry-induced inheritance block during ER stress; role in ER-derived peroxisomal biogenesis; increases tubular ER when overexpressed; mutants have reduced phosphatidylserine transfer between the ER and mitochondria; interacts with exocyst subunit Sec6p, Yip3p, and Sbh1p; member of the RTNLA subfamily"
"153","RVB1","50 kDa",0,0,0,0,3,0,0,0,0,0,0,0,0,0,33,0,27,100,0,88,35,23,71,0,46,0,"YDR190C","S000002598","ATP-dependent DNA helicase, also known as pontin; member of the AAA+ and RuvB-like protein families; similar to Rvb2p; conserved component of multiple complexes including the INO80 complex, the Swr1 complex, and the R2TP complex (Rvb1-Rvb2-Tah1-Pih1); involved in multiple processes such as chromatin remodeling, box C/D snoRNP assembly, and RNA polymerase II assembly"
"154","SAC1","71 kDa",0,0,0,2,0,0,0,0,0,1,0,0,0,57,0,89,100,41,0,0,49,0,100,56,27,0,"YKL212W","S000001695","Phosphatidylinositol phosphate (PtdInsP) phosphatase; involved in hydrolysis of PtdIns[4]P in the early and medial Golgi; regulated by interaction with Vps74p; ER localized transmembrane protein which cycles through the Golgi; involved in protein trafficking and processing, secretion, and cell wall maintenance; regulates sphingolipid biosynthesis through the modulation of PtdIns(4)P metabolism"
"155","SAC6","72 kDa",0,0,0,2,0,0,0,0,0,0,0,0,0,0,91,0,100,0,72,0,84,0,0,74,89,0,"YDR129C","S000002536","Fimbrin, actin-bundling protein; cooperates with Scp1p in organization and maintenance of the actin cytoskeleton; phosphorylated by Cdc28p/Clb2p in metaphase on T103, to regulate conformation, and modulate actin filament binding affinity and actin cable dynamics; relocalizes from the plasma membrane to the cytoplasm upon DNA replication stress; human homologs PLS3 and LCP1 implicated in spinocerebellar ataxia type 2 (SCA2) can each complement yeast null mutant"
"156","SAM1","42 kDa",0,0,0,0,6,0,0,0,0,0,2,0,0,0,31,63,0,100,60,27,0,0,69,100,84,0,"YLR180W","S000004170","S-adenosylmethionine synthetase; catalyzes transfer of the adenosyl group of ATP to the sulfur atom of methionine; SAM1 has a paralog, SAM2, that arose from the whole genome duplication"
"157","SCS2","27 kDa",0,0,0,0,0,2,0,0,0,0,2,0,0,51,0,0,0,0,100,0,0,0,0,100,0,11,"YER120W","S000000922","Integral ER membrane protein, regulates phospholipid metabolism; one of 6 proteins (Ist2p, Scs2p, Scs22p, Tcb1p, Tcb2p, Tcb3p) that connect ER to plasma membrane (PM) and regulate PI4P levels by controlling access of Sac1p phosphatase to substrate PI4P in the PM; interacts with FFAT motifs in Opi1p, Swh1p, Osh2p, and Osh3p; involved in telomeric silencing; VAP homolog; SCS2 has a paralog, SCS22, that arose from the whole genome duplication"
"158","SEC17","33 kDa",0,0,0,0,0,2,0,0,0,0,0,0,0,0,0,59,23,0,100,56,0,0,0,0,0,0,"YBL050W","S000000146","Alpha-SNAP cochaperone; SNARE-complex adaptor for Sec18 (NSF) during the disassembly of postfusion cis-SNARE complexes; stimulates the ATPase activity of Sec18p; peripheral membrane protein required for vesicular transport between ER and Golgi, the 'priming' step in homotypic vacuole fusion, and autophagy; similar to mammalian alpha-SNAP"
"159","SEC18","84 kDa",0,0,0,2,0,0,0,0,0,0,0,0,0,79,0,10,100,79,88,87,76,22,0,18,80,90,"YBR080C","S000000284","AAA ATPase and SNARE disassembly chaperone; required for vesicular transport between ER and Golgi, the 'priming' step in homotypic vacuole fusion, autophagy, and protein secretion; releases Sec17p from SNAP complexes; has similarity to mammalian N-ethylmaleimide-sensitive factor (NSF)"
"160","SEC2","85 kDa",0,0,0,0,0,0,0,0,0,0,0,0,2,66,17,0,42,0,0,93,95,0,84,66,60,100,"YNL272C","S000005216","Guanyl-nucleotide exchange factor for the small G-protein Sec4p; essential for post-Golgi vesicle transport and for autophagy; associates with the exocyst, via exocyst subunit Sec15p, on secretory vesicles"
"161","SEC21","105 kDa",0,0,0,0,0,0,0,0,0,0,0,0,4,65,57,34,59,27,57,0,0,73,82,81,88,100,"YNL287W","S000005231","Gamma subunit of coatomer; coatomer is a heptameric protein complex that together with Arf1p forms the COPI coat; involved in ER to Golgi transport of selective cargo"
"162","SEC23","85 kDa",0,0,0,2,0,0,0,0,0,0,0,0,0,37,0,0,100,43,62,0,0,83,0,0,0,56,"YPR181C","S000006385","GTPase-activating protein, stimulates the GTPase activity of Sar1p; component of the Sec23p-Sec24p heterodimer of the COPII vesicle coat, involved in ER to Golgi transport; substrate of Ubp3/Bre5 complex; ubiquitylated by Ub-ligase Rsp5p; proteasome-mediated degradation of Sec23p is regulated by Cdc48p"
"163","SEC26","109 kDa",0,0,0,0,0,0,0,0,0,0,0,0,8,0,86,75,63,0,54,40,89,94,92,48,62,100,"YDR238C","S000002646","Essential beta-coat protein of the COPI coatomer; involved in ER-to-Golgi protein trafficking and maintenance of normal ER morphology; shares 43% sequence identity with mammalian beta-coat protein (beta-COP)"
"164","SEC27","99 kDa",0,0,0,0,0,0,0,0,0,0,0,0,7,0,0,69,0,0,37,0,0,90,0,66,57,100,"YGL137W","S000003105","Essential beta'-coat protein of the COPI coatomer; involved in ER-to-Golgi and Golgi-to-ER transport; contains WD40 domains that mediate cargo selective interactions; 45% sequence identity to mammalian beta'-COP"
"165","SEC61","53 kDa",0,0,0,0,0,2,0,0,0,0,0,0,0,0,0,0,0,0,100,0,0,76,0,61,0,0,"YLR378C","S000004370","Conserved ER protein translocation channel; essential subunit of Sec61 complex (Sec61p, Sbh1p, and Sss1p); forms channel for SRP-dependent protein import; with Sec63 complex allows SRP-independent protein import into ER; involved in posttranslational soluble protein import into the ER, ERAD of soluble substrates, and misfolded soluble protein export from the ER"
"166","SEC63","75 kDa",0,0,0,4,0,0,0,0,0,2,0,0,0,17,0,61,100,52,0,0,0,18,100,43,0,0,"YOR254C","S000005780","Essential subunit of Sec63 complex; with Sec61 complex, Kar2p/BiP and Lhs1p forms a channel competent for SRP-dependent and post-translational SRP-independent protein targeting and import into the ER; other members are Sec62p, Sec66p, and Sec72p"
"167","SEC7","227 kDa",0,7,0,0,0,0,0,2,0,0,0,0,0,31,100,67,86,86,74,97,100,69,80,82,0,0,"YDR170C","S000002577","Guanine nucleotide exchange factor (GEF) for ADP ribosylation factors; involved in proliferation of the Golgi, intra-Golgi transport and ER-to-Golgi transport; found in the cytoplasm and on Golgi-associated coated vesicles"
"168","SER1","43 kDa",0,0,0,0,2,0,0,0,0,0,0,0,0,0,0,43,0,100,0,71,45,0,53,37,0,11,"YOR184W","S000005710","3-phosphoserine aminotransferase; catalyzes the formation of phosphoserine from 3-phosphohydroxypyruvate, required for serine and glycine biosynthesis; regulated by the general control of amino acid biosynthesis mediated by Gcn4p; protein abundance increases in response to DNA replication stress"
"169","SEY1","89 kDa",0,0,0,5,0,0,0,0,0,0,0,0,0,18,15,34,100,86,0,0,0,35,13,41,22,18,"YOR165W","S000005691","Dynamin-like GTPase that mediates homotypic ER fusion; has a role in ER morphology; interacts physically and genetically with Yop1p and Rtn1p; functional ortholog of the human atlastin ATL1, defects in which cause a form of the human disease hereditary spastic paraplegia; homolog of Arabidopsis RHD3"
"170","SNF1","72 kDa",0,0,0,1,0,0,0,0,0,2,0,0,0,60,41,0,100,29,31,89,51,83,100,46,92,0,"YDR477W","S000002885","AMP-activated S/T protein kinase; forms a complex with Snf4p and members of the Sip1p/Sip2p/Gal83p family; required for transcription of glucose-repressed genes, thermotolerance, sporulation, and peroxisome biogenesis; regulates nucleocytoplasmic shuttling of Hxk2p; regulates filamentous growth and acts as a non-canonical GEF, activating Arf3p during invasive growth; SUMOylation by Mms21p inhibits its function and targets Snf1p for destruction via the Slx5-Slx8 Ub ligase"
"171","SNF4","36 kDa",0,0,0,0,0,2,0,0,0,0,0,4,0,0,24,0,0,0,100,0,37,0,0,68,100,25,"YGL115W","S000003083","Activating gamma subunit of the AMP-activated Snf1p kinase complex; additional subunits of the complex are Snf1p and a Sip1p/Sip2p/Gal83p family member; activates glucose-repressed genes, represses glucose-induced genes; role in sporulation, and peroxisome biogenesis; protein abundance increases in response to DNA replication stress"
"172","SPF1","135 kDa",0,1,6,0,0,0,0,0,0,0,0,0,0,56,96,100,33,22,89,88,68,68,52,0,93,73,"YEL031W","S000000757","P-type ATPase, ion transporter of the ER membrane; required to maintain normal lipid composition of intracellular compartments and proper targeting of mitochondrial outer membrane tail-anchored proteins; involved in ER function and Ca2+ homeostasis; required for regulating Hmg2p degradation; confers sensitivity to a killer toxin (SMKT) produced by Pichia farinosa KK1"
"173","SRO9","48 kDa",0,0,0,0,3,0,0,0,0,2,0,0,0,67,0,75,0,100,0,0,0,57,100,0,0,0,"YCL037C","S000000542","Cytoplasmic RNA-binding protein; shuttles between nucleus and cytoplasm and is exported from the nucleus in an mRNA export-dependent manner; associates with translating ribosomes; involved in heme regulation of Hap1p as a component of the HMC complex, also involved in the organization of actin filaments; contains a La motif; SRO9 has a paralog, SLF1, that arose from the whole genome duplication"
"174","SSA1","70 kDa",0,0,0,27,0,0,0,0,0,17,0,0,0,12,66,74,100,31,50,39,26,0,100,66,78,60,"YAL005C","S000000004","ATPase involved in protein folding and NLS-directed nuclear transport; member of HSP70 family; required for ubiquitin-dependent degradation of short-lived proteins; forms chaperone complex with Ydj1p; localized to nucleus, cytoplasm, cell wall; 98% identical to paralog Ssa2p with different functional specificity in propagation of yeast [URE3] prions, vacuolar-mediated degradations of gluconeogenesis enzymes; general targeting factor of Hsp104p to prion fibrils"
"175","SSA2","69 kDa",0,0,0,6,0,0,0,0,0,5,0,0,0,0,0,63,100,0,0,63,0,0,100,0,25,0,"YLL024C","S000003947","HSP70 family ATP-binding protein; involved in protein folding, vacuolar import of proteins; required for ubiquitin-dependent degradation of short-lived proteins; associated with chaperonin-containing T-complex; 98% identical to paralog Ssa1p with distinct functional specificity in propagation of yeast [URE3] prions and vacuolar-mediated degradation of gluconeogenesis enzymes; binds tRNA, has role in tRNA nuclear import during starvation"
"176","SSB2","67 kDa",0,0,0,13,0,0,0,0,0,9,0,0,0,32,87,0,100,63,0,0,61,0,100,0,93,0,"YNL209W","S000005153","Cytoplasmic ATPase that is a ribosome-associated molecular chaperone; functions with J-protein partner Zuo1p; may be involved in the folding of newly-synthesized polypeptide chains; member of the HSP70 family; SSB2 has a paralog, SSB1, that arose from the whole genome duplication"
"177","SSC1","71 kDa",0,0,0,6,0,0,0,0,0,0,0,0,0,39,60,0,100,0,0,0,0,0,94,27,69,0,"YJR045C","S000003806","Hsp70 family ATPase; constituent of the import motor component of the Translocase of the Inner Mitochondrial membrane (TIM23 complex); involved in protein translocation and folding; subunit of SceI endonuclease; SSC1 has a paralog, ECM10, that arose from the whole genome duplication"
"178","SSE1","77 kDa",0,0,0,2,0,0,0,0,0,0,0,0,0,65,11,78,100,0,83,0,64,83,10,0,72,53,"YPL106C","S000006027","ATPase component of heat shock protein Hsp90 chaperone complex; serves as nucleotide exchange factor to load ATP onto the SSA class of cytosolic Hsp70s; plays a role in prion propagation and determining prion variants; binds unfolded proteins; member of Hsp110 subclass of HSP70 proteins; deletion results in spindle elongation in S phase; SSE1 has a paralog, SSE2, that arose from the whole genome duplication"
"179","SSP120","27 kDa",0,0,0,0,0,3,0,0,0,0,0,1,0,27,0,0,0,0,100,0,0,80,0,0,99,0,"YLR250W","S000004240","Protein of unknown function; green fluorescent protein (GFP)-fusion protein localizes to the cytoplasm in a punctate pattern"
"180","SSZ1","58 kDa",0,0,0,2,0,0,0,0,0,0,0,0,0,88,60,61,100,0,26,0,39,50,86,0,61,29,"YHR064C","S000001106","Hsp70 protein that interacts with Zuo1p (a DnaJ homolog); interacts with Zuo1p to form a ribosome-associated complex that binds the ribosome via the Zuo1p subunit; also involved in pleiotropic drug resistance via sequential activation of PDR1 and PDR5; binds ATP"
"181","SUB2","50 kDa",0,0,0,0,2,0,0,0,0,0,1,0,0,23,0,0,0,100,73,28,0,0,0,98,0,0,"YDL084W","S000002242","Component of the TREX complex required for nuclear mRNA export; member of the DEAD-box RNA helicase superfamily and is involved in early and late steps of spliceosome assembly; homolog of the human splicing factor hUAP56; relocalizes from nucleus to cytoplasm upon DNA replication stress"
"182","SUI3","32 kDa",0,0,0,0,0,2,0,0,0,0,0,0,0,0,61,0,0,0,100,0,0,0,54,69,68,17,"YPL237W","S000006158","Beta subunit of the translation initiation factor eIF2; involved in the identification of the start codon; proposed to be involved in mRNA binding"
"183","SVF1","54 kDa",0,0,0,0,0,0,0,0,0,2,0,0,1,0,0,0,77,0,93,0,0,0,100,0,0,89,"YDR346C","S000002754","Protein with a potential role in cell survival pathways; required for the diauxic growth shift; expression in mammalian cells increases survival under conditions inducing apoptosis; mutant has increased aneuploidy tolerance"
"184","SXM1","108 kDa",0,0,0,0,0,0,0,0,0,0,0,0,4,0,23,0,66,20,88,0,0,68,0,92,0,100,"YDR395W","S000002803","Nuclear transport factor (karyopherin); involved in protein transport between the cytoplasm and nucleoplasm; similar to Nmd5p, Cse1p, Lph2p, and the human cellular apoptosis susceptibility protein, CAS1"
"185","TAT1","69 kDa",0,0,0,0,2,0,0,0,0,0,0,0,0,78,64,0,0,100,80,0,0,0,0,48,0,0,"YBR069C","S000000273","Amino acid transporter for valine, leucine, isoleucine, and tyrosine; low-affinity tryptophan and histidine transporter; overexpression confers FK506 and FTY720 resistance; protein abundance increases in response to DNA replication stress"
"186","TCB3","171 kDa",0,2,0,0,0,0,0,0,0,0,0,0,0,81,100,83,64,26,24,59,84,59,0,95,21,44,"YML072C","S000004537","Cortical ER protein involved in ER-plasma membrane tethering; one of 6 proteins (Ist2p, Scs2p, Scs22p, Tcb1p, Tcb2p, Tcb3p) that connect ER to the plasma membrane (PM) and regulate PM phosphatidylinositol-4-phosphate (PI4P) levels by controlling access of Sac1p phosphatase to its substrate PI4P in the PM; localized to the bud via specific mRNA transport; non-tagged protein detected in a phosphorylated state in mitochondria; C-termini of Tcb1p, Tcb2p and Tcb3p interact"
"187","TCP1","60 kDa",0,0,0,0,5,0,0,0,0,0,0,0,0,0,0,0,64,100,0,86,48,23,47,50,66,18,"YDR212W","S000002620","Alpha subunit of chaperonin-containing T-complex; complex mediates protein folding in the cytosol; involved in actin cytoskeleton maintenance; overexpression in neurons suppresses formation of pathogenic conformations of huntingtin protein"
"188","TDH3","36 kDa",0,0,0,0,0,9,0,0,0,0,0,2,0,27,0,39,14,35,100,59,0,0,54,0,100,19,"YGR192C","S000003424","Glyceraldehyde-3-phosphate dehydrogenase (GAPDH), isozyme 3; involved in glycolysis and gluconeogenesis; tetramer that catalyzes the reaction of glyceraldehyde-3-phosphate to 1,3 bis-phosphoglycerate; detected in the cytoplasm and cell wall; GAPDH-derived antimicrobial peptides secreted by S. cerevisiae are active against a wide variety of wine-related yeasts and bacteria; binds AU-rich RNA"
"189","TEF1","50 kDa",0,0,0,0,10,0,0,0,0,0,4,0,0,16,0,0,0,100,0,71,90,54,76,100,48,0,"YPR080W","S000006284","Translational elongation factor EF-1 alpha; in the GTP-bound active form, binds to and delivers aminoacylated tRNA to the A-site of ribosomes for elongation of nascent polypeptides; associates with vacuolar Rho1p GTPase; may also have a role in tRNA re-export from the nucleus; TEF1 has a paralog, TEF2, that arose from the whole genome duplication"
"190","TIF1","45 kDa",0,0,0,0,5,0,0,0,0,0,0,0,0,63,80,42,24,100,0,0,0,0,0,0,64,47,"YKR059W","S000001767","Translation initiation factor eIF4A; DEA(D/H)-box RNA helicase that couples ATPase activity to RNA binding and unwinding; forms a dumbbell structure of two compact domains connected by a linker; interacts with eIF4G; protein abundance increases in response to DNA replication stress; TIF1 has a paralog, TIF2, that arose from the whole genome duplication"
"191","TOM1","374 kDa",13,0,0,0,0,0,0,0,0,0,0,0,0,100,76,49,23,98,51,100,93,77,83,39,87,94,"YDR457W","S000002865","E3 ubiquitin ligase of the hect-domain class; has a role in mRNA export from the nucleus and may regulate transcriptional coactivators; involved in degradation of excess histones; interacts with Dia2p and is required for Dia2p degradation; required to target Cdc6p for ubiquitin-mediated destruction during G1 phase"
"192","TPO1","64 kDa",0,0,0,0,2,0,0,0,0,0,2,0,0,37,0,0,52,100,36,72,42,0,0,100,0,0,"YLL028W","S000003951","Polyamine transporter of the major facilitator superfamily; member of the 12-spanner drug:H(+) antiporter DHA1 family; recognizes spermine, putrescine, and spermidine; catalyzes uptake of polyamines at alkaline pH and excretion at acidic pH; during oxidative stress exports spermine, spermidine from the cell, which controls timing of expression of stress-responsive genes; phosphorylation enhances activity and sorting to the plasma membrane"
"193","TPO3","68 kDa",0,0,0,0,3,0,0,0,0,0,0,0,0,36,32,0,13,100,0,0,48,0,0,91,54,0,"YPR156C","S000006360","Polyamine transporter of the major facilitator superfamily; member of the 12-spanner drug:H(+) antiporter DHA1 family; specific for spermine; localizes to the plasma membrane; TPO3 has a paralog, TPO2, that arose from the whole genome duplication"
"194","TRM3","165 kDa",0,0,6,0,0,0,0,0,0,0,0,0,0,94,62,100,21,16,0,43,48,27,38,67,85,19,"YDL112W","S000002270","2'-O-ribose methyltransferase; catalyzes the ribose methylation of the guanosine nucleotide at position 18 of tRNAs"
"195","TRP5","77 kDa",0,0,0,2,0,0,0,0,0,0,0,0,0,68,0,0,100,0,17,91,0,23,23,0,53,8,"YGL026C","S000002994","Tryptophan synthase; catalyzes the last step of tryptophan biosynthesis; regulated by the general control system of amino acid biosynthesis"
"196","TUB1","50 kDa",0,0,0,0,6,0,0,0,0,0,0,0,0,0,67,0,30,100,0,0,0,0,79,0,56,0,"YML085C","S000004550","Alpha-tubulin; associates with beta-tubulin (Tub2p) to form tubulin dimer, which polymerizes to form microtubules; relative distribution to nuclear foci increases upon DNA replication stress; TUB1 has a paralog, TUB3, that arose from the whole genome duplication"
"197","TUB2","51 kDa",0,0,0,0,10,0,0,0,0,0,0,0,0,15,91,12,29,100,0,56,18,0,0,71,0,0,"YFL037W","S000001857","Beta-tubulin; associates with alpha-tubulin (Tub1p and Tub3p) to form tubulin dimer, which polymerizes to form microtubules; mutation in human ortholog is associated with congenital fibrosis of the extraocular muscles (CFEOM) with polymicrogyria"
"198","UFD4","168 kDa",0,5,0,0,0,0,0,0,0,0,0,0,0,19,100,0,12,46,73,55,30,0,56,89,45,13,"YKL010C","S000001493","Ubiquitin-protein ligase (E3); interacts with Rpt4p and Rpt6p, two subunits of the 19S particle of the 26S proteasome; cytoplasmic E3 involved in the degradation of ubiquitin fusion proteins; relative distribution to the nucleus increases upon DNA replication stress"
"199","UGP1","56 kDa",0,0,0,0,8,0,0,0,0,4,0,0,0,21,0,0,20,100,57,53,58,51,100,39,0,0,"YKL035W","S000001518","UDP-glucose pyrophosphorylase (UGPase); catalyses the reversible formation of UDP-Glc from glucose 1-phosphate and UTP, involved in a wide variety of metabolic pathways, expression modulated by Pho85p through Pho4p; involved in PKA-mediated oxidative stress resistance and long-term survival in stationary phase; UGP1 has a paralog, YHL012W, that arose from the whole genome duplication"
"200","URA2","245 kDa",0,16,0,0,0,0,0,0,0,0,0,0,0,81,100,93,79,88,95,97,99,99,99,97,98,71,"YJL130C","S000003666","Bifunctional carbamoylphosphate synthetase/aspartate transcarbamylase; catalyzes the first two enzymatic steps in the de novo biosynthesis of pyrimidines; both activities are subject to feedback inhibition by UTP"
"201","URA7","65 kDa",0,0,0,4,0,0,0,0,0,0,0,0,0,35,74,0,100,6,30,94,69,38,35,70,41,0,"YBL039C","S000000135","Major CTP synthase isozyme (see also URA8); catalyzes the ATP-dependent transfer of the amide nitrogen from glutamine to UTP, forming CTP, the final step in de novo biosynthesis of pyrimidines; involved in phospholipid biosynthesis; capable of forming cytoplasmic filaments termed cytoophidium, especially during conditions of glucose depletion; URA7 has a paralog, URA8, that arose from the whole genome duplication"
"202","VAC8","63 kDa",0,0,0,0,4,0,0,0,0,0,0,0,0,0,45,31,0,100,0,0,41,0,39,51,65,0,"YEL013W","S000000739","Phosphorylated and palmitoylated vacuolar membrane protein; interacts with Atg13p, required for the cytoplasm-to-vacuole targeting (Cvt) pathway; interacts with Nvj1p to form nucleus-vacuole junctions"
"203","VMA1","119 kDa",0,0,0,7,0,0,0,0,0,0,0,0,0,27,90,85,100,16,43,94,52,95,79,97,89,0,"YDL185W","S000002344","Subunit A of the V1 peripheral membrane domain of V-ATPase; protein precursor undergoes self-catalyzed splicing to yield the extein Tfp1p and the intein Vde (PI-SceI), which is a site-specific endonuclease; the V1 peripheral membrane domain of the vacuolar H+-ATPase (V-ATPase) has eight subunits; involved in methionine restriction extension of chronological lifespan in an autophagy-dependent manner"
"204","VMA2","58 kDa",0,0,0,0,14,0,0,0,0,0,0,0,0,70,0,59,91,100,0,89,0,62,59,93,82,90,"YBR127C","S000000331","Subunit B of V1 peripheral membrane domain of vacuolar H+-ATPase; electrogenic proton pump found throughout the endomembrane system; contains nucleotide binding sites; also detected in the cytoplasm; protein abundance increases in response to DNA replication stress; human homolog ATP6V1B1, implicated in autosomal-recessive distal renal tubular acidosis (RTA) with sensorineural deafness, complements yeast null mutant"
"205","VMA6","40 kDa",0,0,0,0,0,2,0,0,0,0,0,0,0,0,0,40,0,0,100,0,0,31,46,0,0,0,"YLR447C","S000004439","Subunit d of the V0 integral membrane domain of V-ATPase; part of the electrogenic proton pump found in the endomembrane system; required for V1 domain assembly on the vacuolar membrane; the V0 integral membrane domain of vacuolar H+-ATPase (V-ATPase) has five subunits"
"206","VTC3","97 kDa",0,0,0,2,0,0,0,0,0,0,0,0,1,0,0,12,100,0,0,23,0,50,0,47,0,96,"YPL019C","S000005940","Regulatory subunit of the vacuolar transporter chaperone (VTC) complex; involved in membrane trafficking, vacuolar polyphosphate accumulation, microautophagy and non-autophagic vacuolar fusion; VTC3 has a paralog, VTC2, that arose from the whole genome duplication"
"207","VTC4","83 kDa",0,0,0,4,0,0,0,0,0,0,0,0,0,0,0,10,100,13,40,47,0,0,21,79,0,0,"YJL012C","S000003549","Vacuolar membrane polyphosphate polymerase; subunit of the vacuolar transporter chaperone (VTC) complex involved in synthesis and transfer of polyP to the vacuole; regulates membrane trafficking; role in non-autophagic vacuolar fusion; protein abundance increases in response to DNA replication stress"
"208","WRS1","49 kDa",0,0,0,0,3,0,0,0,0,0,0,0,0,0,0,97,30,100,62,0,84,0,81,0,0,12,"YOL097C","S000005457","Cytoplasmic tryptophanyl-tRNA synthetase; aminoacylates tryptophanyl-tRNA; human homolog WARS can complement yeast null mutant"
"209","YBR287W","48 kDa",0,0,0,0,0,2,0,0,0,0,0,0,0,61,67,0,41,0,100,0,0,0,32,0,0,0,"YBR287W",NA,NA
"210","YDJ1","45 kDa",0,0,0,0,9,0,0,0,0,0,1,0,0,58,62,18,0,100,48,0,0,0,0,100,0,55,"YNL064C","S000005008","Type I HSP40 co-chaperone; involved in regulation of HSP90 and HSP70 functions; acts as an adaptor that helps Rsp5p recognize cytosolic misfolded proteins for ubiquitination after heat shock; critical for determining cell size at Start as a function of growth rate; involved in protein translocation across membranes; member of the DnaJ family; chimeric protein in which human p58IPK J domain replaces yeast Ydj1p J domain can complement yeast ydj1 mutant"
"211","YEF3","116 kDa",0,0,6,0,0,0,0,0,3,0,0,0,6,27,44,100,18,97,86,94,0,100,53,0,36,100,"YLR249W","S000004239","Translation elongation factor 3; contains two ABC cassettes; binds and hydrolyzes ATP; YEF3 has a paralog, HEF3, that arose from the whole genome duplication"
"212","YHB1","45 kDa",0,0,0,0,1,0,0,0,0,0,2,0,0,53,0,0,0,100,89,75,0,0,0,100,0,0,"YGR234W","S000003466","Nitric oxide oxidoreductase; flavohemoglobin that plays role in oxidative and nitrosative stress responses; protects against nitration of cellular targets and against cell growth inhibition under aerobic or anaerobic conditions; yeast flavohemoglobin Yhb1p and human homolog neuroglobin NGB protect cells against alpha-synuclein cytotoxicity and aggregate formation; protein increases in abundance, relocalizes from nucleus to cytoplasmic foci upon DNA replication stress"
"213","YHM2","34 kDa",0,0,0,0,0,2,0,0,0,0,0,0,0,0,0,0,13,21,100,0,0,54,72,68,57,21,"YMR241W","S000004854","Citrate and oxoglutarate carrier protein; exports citrate from and imports oxoglutarate into the mitochondrion, causing net export of NADPH reducing equivalents; also associates with mt nucleoids and has a role in replication and segregation of the mt genome"
"214","YHR020W","77 kDa",0,0,0,4,0,0,0,0,0,0,0,0,0,78,0,0,100,75,64,88,0,36,55,0,51,0,"YHR020W",NA,NA
"215","YKL100C","68 kDa",0,0,0,2,0,0,0,0,0,0,0,0,0,0,77,87,100,54,0,0,0,0,0,67,0,31,"YKL100C",NA,NA
"216","YMC1","33 kDa",0,0,0,0,0,2,0,0,0,0,0,0,0,0,0,0,0,0,100,0,0,0,45,0,42,74,"YPR058W","S000006262","Secondary mitochondrial inner membrane glycine transporter; required with HEM25 for the transport of glycine into mitochondria for the initiation of heme biosynthesis; proposed role in oleate metabolism and glutamate biosynthesis; member of the mitochondrial carrier (MCF) family; localizes to the vacuole in response to H2O2; YMC1 has a paralog, YMC2, that arose from the whole genome duplication"
"217","YOL098C","118 kDa",0,0,0,0,0,0,0,0,0,0,0,0,4,48,27,33,10,62,82,30,27,0,88,50,60,100,"YOL098C",NA,NA
"218","YPK1","76 kDa",0,0,0,2,0,0,0,0,0,0,0,0,0,24,0,0,100,0,0,0,40,0,0,58,91,0,"YKL126W","S000001609","S/T protein kinase; phosphorylates, downregulates flippase activator Fpk1p; inactivates Orm1p and Orm2p by phosphorylation in response to compromised sphingolipid synthesis; involved in the TORC-dependent phosphorylation of ribosomal proteins Rps6a/b (S6); mutations affect receptor-mediated endocytosis and sphingolipid-mediated and cell integrity signaling pathways; human homolog SGK1 can complement a null mutant; human homolog SGK2 can complement a ypk1 ypk2 double mutant"
"219","YRB1","23 kDa",0,0,0,0,0,2,0,0,0,0,0,0,0,0,34,0,0,0,100,0,0,0,11,53,0,0,"YDR002W","S000002409","Ran GTPase binding protein; involved in nuclear protein import and RNA export, ubiquitin-mediated protein degradation during the cell cycle; shuttles between the nucleus and cytoplasm; is essential; homolog of human RanBP1"
